hsid,hs_url,is_sd,sd_version,is_current,sorted_class,t_sort
30,http://anyways1234.onion,False,N/A,True,non_monitored,2016-08-29 14:41:04.030804
31,http://strumiform1234.onion,False,N/A,True,non_monitored,2016-08-29 14:41:04.030804
38,http://tartana1234.onion,False,N/A,True,non_monitored,2016-08-29 14:41:04.030804
43,http://presupplementary1234.onion,False,N/A,True,non_monitored,2016-08-29 14:41:04.030804
60,http://endotrophic1234.onion,False,N/A,True,non_monitored,2016-08-29 14:41:04.030804
62,http://poplared1234.onion,False,N/A,True,non_monitored,2016-08-29 14:41:04.030804
67,http://maudle1234.onion,False,N/A,True,non_monitored,2016-08-29 14:41:04.030804
76,http://airsick1234.onion,False,N/A,True,non_monitored,2016-08-29 14:41:04.030804
77,http://passir1234.onion,False,N/A,True,non_monitored,2016-08-29 14:41:04.030804
79,http://subjunctive1234.onion,False,N/A,True,non_monitored,2016-08-29 14:41:04.030804
84,http://palagonitic1234.onion,False,N/A,True,non_monitored,2016-08-29 14:41:04.030804
96,http://rewardableness1234.onion,False,N/A,True,non_monitored,2016-08-29 14:41:04.030804
102,http://shoreman1234.onion,False,N/A,True,non_monitored,2016-08-29 14:41:04.030804
109,http://nonslippery1234.onion,False,N/A,True,non_monitored,2016-08-29 14:41:04.030804
116,http://wireless1234.onion,False,N/A,True,non_monitored,2016-08-29 14:41:04.030804
126,http://discontinuance1234.onion,False,N/A,True,non_monitored,2016-08-29 14:41:04.030804
127,http://concussive1234.onion,False,N/A,True,non_monitored,2016-08-29 14:41:04.030804
133,http://hedonical1234.onion,False,N/A,True,non_monitored,2016-08-29 14:41:04.030804
148,http://deperdite1234.onion,False,N/A,True,non_monitored,2016-08-29 14:41:04.030804
159,http://squirtingly1234.onion,False,N/A,True,non_monitored,2016-08-29 14:41:04.030804
169,http://uplane1234.onion,False,N/A,True,non_monitored,2016-08-29 14:41:04.030804
174,http://fashiousness1234.onion,False,N/A,True,non_monitored,2016-08-29 14:41:04.030804
205,http://superedify1234.onion,False,N/A,True,non_monitored,2016-08-29 14:41:04.030804
206,http://semiosseous1234.onion,False,N/A,True,non_monitored,2016-08-29 14:41:04.030804
213,http://lawyerism1234.onion,False,N/A,True,non_monitored,2016-08-29 14:41:04.030804
216,http://presspack1234.onion,False,N/A,True,non_monitored,2016-08-29 14:41:04.030804
232,http://hangworm1234.onion,False,N/A,True,non_monitored,2016-08-29 14:41:04.030804
244,http://eozoon1234.onion,False,N/A,True,non_monitored,2016-08-29 14:41:04.030804
273,http://brineman1234.onion,False,N/A,True,non_monitored,2016-08-29 14:41:04.030804
280,http://Hydradephaga1234.onion,False,N/A,True,non_monitored,2016-08-29 14:41:04.030804
289,http://conductive1234.onion,False,N/A,True,non_monitored,2016-08-29 14:41:04.030804
290,http://batrachoid1234.onion,False,N/A,True,non_monitored,2016-08-29 14:41:04.030804
295,http://phlegmaticly1234.onion,False,N/A,True,non_monitored,2016-08-29 14:41:04.030804
300,http://suppliance1234.onion,False,N/A,True,non_monitored,2016-08-29 14:41:04.030804
302,http://isopolite1234.onion,False,N/A,True,non_monitored,2016-08-29 14:41:04.030804
305,http://sphacelated1234.onion,False,N/A,True,non_monitored,2016-08-29 14:41:04.030804
320,http://remanent1234.onion,False,N/A,True,non_monitored,2016-08-29 14:41:04.030804
323,http://polyglottous1234.onion,False,N/A,True,non_monitored,2016-08-29 14:41:04.030804
330,http://caza1234.onion,False,N/A,True,non_monitored,2016-08-29 14:41:04.030804
331,http://foreskin1234.onion,False,N/A,True,non_monitored,2016-08-29 14:41:04.030804
337,http://affined1234.onion,False,N/A,True,non_monitored,2016-08-29 14:41:04.030804
342,http://bradyphagia1234.onion,False,N/A,True,non_monitored,2016-08-29 14:41:04.030804
351,http://misalienate1234.onion,False,N/A,True,non_monitored,2016-08-29 14:41:04.030804
353,http://triple1234.onion,False,N/A,True,non_monitored,2016-08-29 14:41:04.030804
378,http://contline1234.onion,False,N/A,True,non_monitored,2016-08-29 14:41:04.030804
390,http://pinacone1234.onion,False,N/A,True,non_monitored,2016-08-29 14:41:04.030804
402,http://Alfirk1234.onion,False,N/A,True,non_monitored,2016-08-29 14:41:04.030804
411,http://effectually1234.onion,False,N/A,True,non_monitored,2016-08-29 14:41:04.030804
415,http://indispensably1234.onion,False,N/A,True,non_monitored,2016-08-29 14:41:04.030804
424,http://postpaid1234.onion,False,N/A,True,non_monitored,2016-08-29 14:41:04.030804
429,http://dovelet1234.onion,False,N/A,True,non_monitored,2016-08-29 14:41:04.030804
436,http://Ramean1234.onion,False,N/A,True,non_monitored,2016-08-29 14:41:04.030804
474,http://lymphocytotic1234.onion,False,N/A,True,non_monitored,2016-08-29 14:41:04.030804
483,http://urethrogram1234.onion,False,N/A,True,non_monitored,2016-08-29 14:41:04.030804
544,http://cagester1234.onion,False,N/A,True,non_monitored,2016-08-29 14:41:04.030804
569,http://athletic1234.onion,False,N/A,True,non_monitored,2016-08-29 14:41:04.030804
570,http://avo1234.onion,False,N/A,True,non_monitored,2016-08-29 14:41:04.030804
573,http://Londoner1234.onion,False,N/A,True,non_monitored,2016-08-29 14:41:04.030804
592,http://Coelococcus1234.onion,False,N/A,True,non_monitored,2016-08-29 14:41:04.030804
593,http://nonliquidation1234.onion,False,N/A,True,non_monitored,2016-08-29 14:41:04.030804
615,http://osteoneuralgia1234.onion,False,N/A,True,non_monitored,2016-08-29 14:41:04.030804
629,http://cosmologic1234.onion,False,N/A,True,non_monitored,2016-08-29 14:41:04.030804
658,http://toernebohmite1234.onion,False,N/A,True,non_monitored,2016-08-29 14:41:04.030804
659,http://sons1234.onion,False,N/A,True,non_monitored,2016-08-29 14:41:04.030804
665,http://Polybranchia1234.onion,False,N/A,True,non_monitored,2016-08-29 14:41:04.030804
675,http://triplicature1234.onion,False,N/A,True,non_monitored,2016-08-29 14:41:04.030804
679,http://Hagarite1234.onion,False,N/A,True,non_monitored,2016-08-29 14:41:04.030804
708,http://dutra1234.onion,False,N/A,True,non_monitored,2016-08-29 14:41:04.030804
709,http://uranothorite1234.onion,False,N/A,True,non_monitored,2016-08-29 14:41:04.030804
712,http://staphylodialysis1234.onion,False,N/A,True,non_monitored,2016-08-29 14:41:04.030804
721,http://overthrust1234.onion,False,N/A,True,non_monitored,2016-08-29 14:41:04.030804
732,http://polarography1234.onion,False,N/A,True,non_monitored,2016-08-29 14:41:04.030804
780,http://unnormal1234.onion,False,N/A,True,non_monitored,2016-08-29 14:41:04.030804
781,http://semicriminal1234.onion,False,N/A,True,non_monitored,2016-08-29 14:41:04.030804
791,http://gibelite1234.onion,False,N/A,True,non_monitored,2016-08-29 14:41:04.030804
792,http://undelivered1234.onion,False,N/A,True,non_monitored,2016-08-29 14:41:04.030804
810,http://acoumetry1234.onion,False,N/A,True,non_monitored,2016-08-29 14:41:04.030804
827,http://auxospore1234.onion,False,N/A,True,non_monitored,2016-08-29 14:41:04.030804
831,http://prestigiator1234.onion,False,N/A,True,non_monitored,2016-08-29 14:41:04.030804
839,http://consentiently1234.onion,False,N/A,True,non_monitored,2016-08-29 14:41:04.030804
845,http://nonpurgative1234.onion,False,N/A,True,non_monitored,2016-08-29 14:41:04.030804
875,http://germigenous1234.onion,False,N/A,True,non_monitored,2016-08-29 14:41:04.030804
883,http://camp1234.onion,True,038,True,sd_038,2016-08-29 14:41:04.030804
884,http://farruca1234.onion,True,038,True,sd_038,2016-08-29 14:41:04.030804
885,http://ungula1234.onion,True,038,True,sd_038,2016-08-29 14:41:04.030804
886,http://unrigorous1234.onion,True,038,True,sd_038,2016-08-29 14:41:04.030804
887,http://nonreceiving1234.onion,True,038,True,sd_038,2016-08-29 14:41:04.030804
888,http://tricarpellate1234.onion,True,038,True,sd_038,2016-08-29 14:41:04.030804
889,http://falsary1234.onion,True,038,True,sd_038,2016-08-29 14:41:04.030804
890,http://impoverishment1234.onion,True,038,True,sd_038,2016-08-29 14:41:04.030804
891,http://unhaste1234.onion,True,038,True,sd_038,2016-08-29 14:41:04.030804
892,http://ultracrepidate1234.onion,True,038,True,sd_038,2016-08-29 14:41:04.030804
893,http://cyathophylline1234.onion,True,038,True,sd_038,2016-08-29 14:41:04.030804
894,http://psychiatric1234.onion,True,038,True,sd_038,2016-08-29 14:41:04.030804
895,http://twayblade1234.onion,True,038,True,sd_038,2016-08-29 14:41:04.030804
896,http://hoofs1234.onion,True,038,True,sd_038,2016-08-29 14:41:04.030804
897,http://Motacillinae1234.onion,True,038,True,sd_038,2016-08-29 14:41:04.030804
898,http://operationalist1234.onion,True,038,True,sd_038,2016-08-29 14:41:04.030804
899,http://solfeggio1234.onion,True,038,True,sd_038,2016-08-29 14:41:04.030804
